timestamp,open,high,low,close,volume,trades
2026-03-11 06:56:00,69927.99,69951.84,69927.99,69938.7,2.51878,1298
2026-03-11 06:57:00,69938.7,69954.7,69929.62,69954.69,2.63987,1028
2026-03-11 06:58:00,69954.7,69966.59,69954.7,69960.66,2.00764,778
2026-03-11 06:59:00,69960.66,69960.66,69950.0,69950.01,8.06928,815
2026-03-11 07:00:00,69950.01,69979.64,69949.99,69967.63,19.16876,1325
2026-03-11 07:01:00,69967.63,70018.49,69955.52,69956.49,31.61597,3849
2026-03-11 07:02:00,69956.48,69956.48,69906.0,69916.75,5.47801,2475
2026-03-11 07:03:00,69916.76,69916.76,69881.25,69881.25,2.0578,1193
2026-03-11 07:04:00,69881.25,69940.36,69881.25,69926.77,5.61136,1897
2026-03-11 07:05:00,69926.76,69926.76,69883.78,69888.47,2.01661,1382
2026-03-11 07:06:00,69888.47,69942.0,69888.47,69931.48,3.26096,1464
2026-03-11 07:07:00,69931.49,69945.49,69925.95,69925.96,3.25585,750
2026-03-11 07:08:00,69925.95,69930.81,69915.18,69919.95,3.46633,974
2026-03-11 07:09:00,69919.95,69919.95,69907.97,69907.98,1.34914,441
2026-03-11 07:10:00,69907.97,69917.04,69889.26,69917.04,3.84933,1287
2026-03-11 07:11:00,69917.03,69917.04,69915.28,69915.29,1.26222,365
2026-03-11 07:12:00,69915.29,69915.29,69915.28,69915.29,1.06295,196
2026-03-11 07:13:00,69915.29,69924.4,69915.29,69915.29,2.34568,653
2026-03-11 07:14:00,69915.29,69915.3,69888.0,69891.19,1.89603,975
2026-03-11 07:15:00,69891.19,69908.75,69883.36,69884.43,3.27292,1750
2026-03-11 07:16:00,69884.42,69884.43,69822.86,69829.85,6.7116,2312
2026-03-11 07:17:00,69829.85,69865.6,69826.48,69840.53,29.61122,2208
2026-03-11 07:18:00,69840.53,69865.6,69838.07,69838.07,7.43649,1410
2026-03-11 07:19:00,69837.61,69844.43,69837.44,69843.38,12.84541,837
2026-03-11 07:20:00,69843.39,69856.29,69842.05,69844.11,4.47112,916
2026-03-11 07:21:00,69844.11,69844.11,69816.14,69821.89,11.95815,1883
2026-03-11 07:22:00,69821.89,69821.89,69764.62,69804.94,10.34697,2155
2026-03-11 07:23:00,69804.93,69826.71,69804.93,69826.71,3.38321,877
2026-03-11 07:24:00,69826.71,69849.71,69801.85,69832.26,118.26032,3038
2026-03-11 07:25:00,69832.25,69838.0,69806.31,69837.99,5.34227,2051
2026-03-11 07:26:00,69838.0,69838.0,69824.18,69824.19,1.47988,400
2026-03-11 07:27:00,69824.18,69829.76,69818.53,69829.76,3.34606,471
2026-03-11 07:28:00,69829.76,69850.01,69808.95,69808.95,7.36981,1409
2026-03-11 07:29:00,69808.95,69808.95,69780.28,69791.28,4.84337,1283
2026-03-11 07:30:00,69791.29,69791.29,69767.31,69788.14,4.76651,1691
2026-03-11 07:31:00,69788.15,69788.15,69748.19,69755.55,4.48323,1962
2026-03-11 07:32:00,69755.55,69765.14,69752.07,69758.29,2.16775,1071
2026-03-11 07:33:00,69758.29,69758.29,69719.11,69720.01,7.50712,2013
2026-03-11 07:34:00,69720.01,69729.45,69653.63,69658.92,19.19924,2962
2026-03-11 07:35:00,69658.92,69668.88,69638.0,69657.21,7.528,2025
2026-03-11 07:36:00,69657.22,69662.81,69570.0,69605.77,119.34786,3813
2026-03-11 07:37:00,69605.77,69624.69,69576.4,69582.95,14.26702,2879
2026-03-11 07:38:00,69582.95,69582.95,69503.32,69524.15,22.84187,6052
2026-03-11 07:39:00,69524.16,69561.28,69514.0,69541.58,21.18076,3101
2026-03-11 07:40:00,69541.59,69572.28,69534.29,69552.28,8.88495,2155
2026-03-11 07:41:00,69552.28,69552.29,69500.67,69551.2,11.64631,3373
2026-03-11 07:42:00,69551.2,69569.98,69542.8,69560.95,5.87661,1898
2026-03-11 07:43:00,69560.95,69608.0,69555.15,69585.0,12.70567,2114
2026-03-11 07:44:00,69585.0,69585.0,69519.99,69519.99,79.33166,2405
2026-03-11 07:45:00,69520.0,69554.74,69519.99,69552.59,116.36544,1466
2026-03-11 07:46:00,69552.59,69571.52,69510.28,69571.14,10.30337,2367
2026-03-11 07:47:00,69571.14,69667.5,69571.13,69606.01,79.15044,2201
2026-03-11 07:48:00,69606.01,69672.81,69597.97,69642.44,16.06649,2501
2026-03-11 07:49:00,69642.44,69660.03,69636.06,69650.56,3.23233,759
2026-03-11 07:50:00,69650.55,69733.02,69650.55,69724.14,8.40762,2039
2026-03-11 07:51:00,69724.15,69724.15,69691.66,69691.66,5.20318,1324
2026-03-11 07:52:00,69691.67,69727.78,69691.66,69727.77,3.69146,1204
2026-03-11 07:53:00,69727.77,69744.88,69681.75,69681.76,5.00484,2151
2026-03-11 07:54:00,69681.76,69691.44,69639.05,69641.92,193.02175,3116
2026-03-11 07:55:00,69641.92,69678.78,69641.91,69661.27,51.31514,1717
2026-03-11 07:56:00,69661.28,69668.24,69655.0,69668.24,3.29416,796
2026-03-11 07:57:00,69668.24,69696.47,69668.23,69688.16,4.89905,1185
2026-03-11 07:58:00,69688.16,69688.16,69648.28,69648.28,6.64962,1166
2026-03-11 07:59:00,69648.29,69661.98,69648.28,69648.29,4.862,932
2026-03-11 08:00:00,69648.28,69675.12,69648.28,69669.22,4.04003,1817
2026-03-11 08:01:00,69669.22,69745.38,69669.22,69696.52,8.89663,3285
2026-03-11 08:02:00,69696.52,69706.36,69655.23,69691.29,9.00891,2748
2026-03-11 08:03:00,69691.29,69691.29,69665.23,69680.77,10.64912,1626
2026-03-11 08:04:00,69680.77,69745.45,69680.77,69725.01,8.39175,2308
2026-03-11 08:05:00,69725.02,69771.48,69725.02,69764.44,6.44275,1413
2026-03-11 08:06:00,69764.44,69764.44,69678.41,69696.64,7.65579,2539
2026-03-11 08:07:00,69696.65,69716.7,69670.11,69670.11,4.30195,1969
2026-03-11 08:08:00,69670.11,69670.11,69605.83,69637.82,19.8891,3053
2026-03-11 08:09:00,69637.81,69655.52,69610.18,69641.62,4.04061,2125
2026-03-11 08:10:00,69641.62,69641.65,69617.45,69638.85,2.04457,1575
2026-03-11 08:11:00,69638.84,69638.85,69600.0,69600.0,3.59341,1772
2026-03-11 08:12:00,69600.0,69645.11,69590.83,69641.64,17.0271,2442
2026-03-11 08:13:00,69641.65,69647.55,69595.38,69606.01,5.11547,1845
2026-03-11 08:14:00,69606.02,69636.43,69606.02,69629.56,10.47521,1397
2026-03-11 08:15:00,69629.56,69641.65,69618.13,69627.55,13.92647,2017
2026-03-11 08:16:00,69627.54,69640.61,69595.64,69595.65,2.43398,1771
2026-03-11 08:17:00,69595.65,69613.57,69582.71,69606.96,14.75405,1688
2026-03-11 08:18:00,69606.95,69606.95,69577.81,69586.81,2.82964,1218
2026-03-11 08:19:00,69586.81,69626.88,69561.96,69610.99,40.64612,3106
2026-03-11 08:20:00,69610.98,69610.98,69561.35,69561.35,3.29702,1965
2026-03-11 08:21:00,69561.35,69561.35,69515.2,69559.81,6.29686,2748
2026-03-11 08:22:00,69559.81,69599.22,69559.8,69593.94,4.18042,3016
2026-03-11 08:23:00,69593.93,69603.23,69580.8,69594.13,3.90654,1468
2026-03-11 08:24:00,69594.12,69594.12,69529.18,69540.43,5.40448,1972
2026-03-11 08:25:00,69540.44,69574.2,69540.44,69545.69,1.78388,1767
2026-03-11 08:26:00,69545.7,69563.88,69545.69,69563.87,3.37255,1052
2026-03-11 08:27:00,69563.87,69563.87,69502.32,69505.46,7.6533,3298
2026-03-11 08:28:00,69505.46,69527.62,69505.45,69506.3,3.80099,1464
2026-03-11 08:29:00,69506.29,69516.37,69500.0,69503.53,7.49796,807
2026-03-11 08:30:00,69503.54,69523.46,69503.53,69522.8,5.19655,1206
2026-03-11 08:31:00,69522.81,69546.4,69500.0,69500.0,3.80358,1879
2026-03-11 08:32:00,69500.0,69563.81,69500.0,69563.81,9.37119,1806
2026-03-11 08:33:00,69563.81,69633.83,69563.8,69578.02,5.4238,3609
2026-03-11 08:34:00,69578.02,69602.17,69506.94,69570.47,14.71764,4261
2026-03-11 08:35:00,69570.48,69574.6,69522.52,69522.53,3.6486,1945
2026-03-11 08:36:00,69522.52,69786.32,69510.39,69703.36,54.72528,6635
2026-03-11 08:37:00,69703.36,69715.72,69654.0,69654.0,4.8184,2576
2026-03-11 08:38:00,69654.0,69654.0,69610.37,69610.38,2.57222,2155
2026-03-11 08:39:00,69610.37,69641.65,69592.48,69641.64,5.34993,2498
2026-03-11 08:40:00,69641.64,69648.53,69632.48,69648.52,4.57693,1764
2026-03-11 08:41:00,69648.53,69694.69,69636.55,69679.92,32.4671,2417
2026-03-11 08:42:00,69679.91,69684.62,69659.93,69678.65,1.65038,1031
2026-03-11 08:43:00,69678.65,69700.0,69675.68,69675.68,3.71196,982
2026-03-11 08:44:00,69675.69,69700.0,69672.71,69672.71,2.63825,1577
2026-03-11 08:45:00,69672.71,69684.38,69653.79,69653.95,2.82796,1603
2026-03-11 08:46:00,69653.95,69654.41,69628.8,69654.41,1.93644,1516
2026-03-11 08:47:00,69654.4,69681.52,69645.05,69645.06,3.16306,1345
2026-03-11 08:48:00,69645.06,69645.06,69586.43,69586.43,1.68859,2209
2026-03-11 08:49:00,69586.43,69586.43,69571.39,69582.88,1.98308,1113
2026-03-11 08:50:00,69582.87,69615.52,69573.11,69582.0,2.88321,2243
2026-03-11 08:51:00,69582.01,69582.01,69549.66,69568.79,4.54933,1858
2026-03-11 08:52:00,69568.79,69568.79,69501.21,69513.02,6.55006,2180
2026-03-11 08:53:00,69513.02,69550.0,69509.36,69512.52,6.02422,1733
2026-03-11 08:54:00,69512.52,69535.85,69506.63,69535.85,1.81131,1213
2026-03-11 08:55:00,69535.85,69561.36,69533.72,69561.35,8.40266,826
2026-03-11 08:56:00,69561.35,69561.36,69544.74,69544.75,1.85089,907
2026-03-11 08:57:00,69544.75,69668.3,69533.27,69651.99,7.0666,3646
2026-03-11 08:58:00,69651.99,69661.58,69613.58,69616.65,13.31129,2249
2026-03-11 08:59:00,69616.66,69695.01,69596.9,69662.24,210.48148,4114
2026-03-11 09:00:00,69662.24,69662.24,69583.98,69583.98,10.35494,3454
2026-03-11 09:01:00,69583.99,69606.02,69583.99,69606.02,2.7353,1298
2026-03-11 09:02:00,69606.02,69621.55,69590.64,69590.64,3.89543,1505
2026-03-11 09:03:00,69590.65,69592.49,69558.6,69565.44,2.73466,1685
2026-03-11 09:04:00,69565.43,69577.38,69549.74,69572.76,2.05757,1589
2026-03-11 09:05:00,69572.75,69587.93,69557.18,69582.1,2.36071,1555
2026-03-11 09:06:00,69582.09,69600.0,69561.08,69561.08,5.21394,2480
2026-03-11 09:07:00,69561.08,69615.19,69561.08,69604.9,4.04505,1404
2026-03-11 09:08:00,69603.87,69621.55,69586.75,69621.54,2.02487,1449
2026-03-11 09:09:00,69621.55,69664.8,69621.54,69658.8,2.99705,1703
2026-03-11 09:10:00,69658.79,69658.8,69599.81,69630.3,2.98325,2352
2026-03-11 09:11:00,69630.3,69630.31,69606.6,69609.68,3.91095,1663
2026-03-11 09:12:00,69609.67,69609.68,69550.0,69561.36,3.631,2377
2026-03-11 09:13:00,69561.35,69581.33,69561.35,69565.89,7.84003,906
2026-03-11 09:14:00,69565.9,69574.79,69538.41,69538.42,8.53345,1134
2026-03-11 09:15:00,69538.42,69592.48,69538.42,69571.24,29.79458,2709
2026-03-11 09:16:00,69571.25,69622.0,69558.3,69620.67,6.7412,1867
2026-03-11 09:17:00,69620.68,69653.71,69606.27,69645.7,3.75562,1815
2026-03-11 09:18:00,69645.7,69645.7,69595.34,69595.34,2.77992,1972
2026-03-11 09:19:00,69595.35,69600.74,69571.94,69580.0,7.33405,1503
2026-03-11 09:20:00,69580.01,69632.19,69580.0,69599.28,19.19546,2455
2026-03-11 09:21:00,69599.28,69618.28,69593.79,69609.91,1.80566,1645
2026-03-11 09:22:00,69609.92,69635.31,69609.92,69635.31,4.04779,1197
2026-03-11 09:23:00,69635.3,69638.04,69624.18,69636.52,3.70747,939
2026-03-11 09:24:00,69636.52,69664.37,69567.86,69567.94,182.77353,4979
2026-03-11 09:25:00,69567.94,69630.74,69567.94,69585.71,114.50825,2606
2026-03-11 09:26:00,69585.72,69600.59,69585.71,69590.18,4.40958,923
2026-03-11 09:27:00,69590.18,69602.0,69590.17,69602.0,1.65296,383
2026-03-11 09:28:00,69601.99,69602.0,69568.1,69568.1,5.01738,1213
2026-03-11 09:29:00,69568.1,69568.1,69531.57,69531.57,4.68065,1257
2026-03-11 09:30:00,69531.57,69556.0,69504.59,69555.99,5.26603,2276
2026-03-11 09:31:00,69555.99,69581.43,69555.99,69557.99,5.29379,1438
2026-03-11 09:32:00,69558.0,69558.0,69503.11,69523.08,3.5788,2076
2026-03-11 09:33:00,69523.09,69552.0,69522.7,69538.42,2.29393,1934
2026-03-11 09:34:00,69538.42,69538.42,69521.01,69521.01,2.49192,1019
2026-03-11 09:35:00,69521.0,69538.41,69521.0,69538.41,2.98117,943
2026-03-11 09:36:00,69538.41,69558.81,69538.41,69539.7,3.29806,1304
2026-03-11 09:37:00,69539.69,69539.69,69512.18,69512.19,12.37451,1330
2026-03-11 09:38:00,69512.18,69526.2,69384.5,69399.75,153.99041,7824
2026-03-11 09:39:00,69399.75,69536.28,69399.75,69536.27,86.28437,4783
2026-03-11 09:40:00,69536.27,69636.31,69518.22,69595.76,43.16494,4296
2026-03-11 09:41:00,69595.76,69608.7,69553.31,69566.7,4.49167,2483
2026-03-11 09:42:00,69566.7,69589.33,69566.7,69586.19,12.63252,1819
2026-03-11 09:43:00,69586.19,69586.19,69557.43,69557.44,18.94851,1135
2026-03-11 09:44:00,69557.43,69568.25,69547.46,69553.75,24.36216,1431
2026-03-11 09:45:00,69553.75,69583.49,69544.0,69583.49,7.02359,1204
2026-03-11 09:46:00,69583.49,69615.56,69583.49,69614.19,4.97119,1328
2026-03-11 09:47:00,69614.18,69699.0,69614.18,69686.4,12.03542,3075
2026-03-11 09:48:00,69684.8,69752.06,69655.1,69723.85,25.95908,3365
2026-03-11 09:49:00,69723.84,69723.84,69664.47,69664.47,1.87616,2163
2026-03-11 09:50:00,69664.48,69669.25,69624.0,69625.61,4.44353,1462
2026-03-11 09:51:00,69625.61,69637.44,69609.67,69616.5,1.21915,1201
2026-03-11 09:52:00,69616.5,69631.61,69582.86,69582.87,1.39186,1524
2026-03-11 09:53:00,69582.87,69615.52,69582.86,69606.18,3.32721,1676
2026-03-11 09:54:00,69606.17,69613.03,69591.8,69613.01,3.05972,957
2026-03-11 09:55:00,69613.02,69628.24,69583.93,69583.93,2.44052,1864
2026-03-11 09:56:00,69583.93,69592.48,69465.92,69465.92,8.20428,3522
2026-03-11 09:57:00,69465.91,69465.91,69397.97,69419.21,12.97355,4042
2026-03-11 09:58:00,69419.21,69435.19,69400.0,69431.59,5.94488,2435
2026-03-11 09:59:00,69431.59,69473.12,69431.58,69466.75,5.21129,1632
2026-03-11 10:00:00,69466.75,69484.42,69423.43,69423.43,6.48385,3789
2026-03-11 10:01:00,69423.44,69445.6,69413.51,69414.66,9.25395,2201
2026-03-11 10:02:00,69414.67,69482.0,69414.66,69458.79,3.97787,2119
2026-03-11 10:03:00,69458.79,69499.99,69458.78,69493.66,3.3671,2198
2026-03-11 10:04:00,69493.66,69509.25,69484.72,69490.49,2.15472,1993
2026-03-11 10:05:00,69490.48,69528.0,69490.48,69512.04,2.65058,2051
2026-03-11 10:06:00,69512.03,69512.04,69390.91,69435.19,35.48337,3903
2026-03-11 10:07:00,69435.19,69473.05,69435.19,69456.02,4.52596,2476
2026-03-11 10:08:00,69456.02,69467.1,69433.16,69467.1,4.51898,1953
2026-03-11 10:09:00,69467.1,69499.1,69460.0,69496.26,2.22675,1969
2026-03-11 10:10:00,69496.25,69498.03,69445.33,69465.81,5.09162,2444
2026-03-11 10:11:00,69465.8,69469.22,69430.8,69432.07,2.61226,1498
2026-03-11 10:12:00,69432.07,69446.72,69421.32,69430.26,7.50615,1760
2026-03-11 10:13:00,69430.25,69467.93,69426.82,69451.2,9.61287,2100
2026-03-11 10:14:00,69451.2,69502.66,69441.59,69502.63,20.40159,1945
2026-03-11 10:15:00,69502.63,69514.0,69483.23,69501.44,3.23423,2115
2026-03-11 10:16:00,69501.44,69521.9,69500.84,69521.9,1.41223,975
2026-03-11 10:17:00,69521.9,69555.31,69516.04,69555.07,3.20873,2259
2026-03-11 10:18:00,69555.07,69597.9,69524.03,69536.55,12.10352,3425
2026-03-11 10:19:00,69536.56,69546.28,69514.87,69514.88,11.55399,1378
2026-03-11 10:20:00,69514.88,69530.95,69458.32,69458.32,19.94078,2200
2026-03-11 10:21:00,69458.33,69474.19,69425.12,69464.0,11.46276,1693
2026-03-11 10:22:00,69463.99,69485.33,69449.4,69484.71,3.90701,1389
2026-03-11 10:23:00,69484.71,69484.71,69475.79,69475.8,1.38325,720
2026-03-11 10:24:00,69475.79,69527.63,69448.79,69527.3,150.88448,3687
2026-03-11 10:25:00,69527.3,69527.31,69465.41,69466.0,56.51259,2539
2026-03-11 10:26:00,69466.01,69466.01,69441.98,69456.49,7.08955,1883
2026-03-11 10:27:00,69456.5,69469.08,69449.72,69460.88,4.31941,1296
2026-03-11 10:28:00,69460.87,69504.66,69455.64,69469.45,12.74581,2182
2026-03-11 10:29:00,69469.46,69500.0,69469.45,69500.0,9.859,995
2026-03-11 10:30:00,69499.99,69512.01,69490.0,69491.53,2.05637,1376
2026-03-11 10:31:00,69491.52,69505.96,69476.9,69505.96,2.53843,1683
2026-03-11 10:32:00,69505.95,69538.42,69499.09,69522.71,6.7797,2812
2026-03-11 10:33:00,69522.72,69522.72,69509.66,69515.7,5.79615,1194
2026-03-11 10:34:00,69515.71,69517.02,69489.25,69511.24,17.00656,2185
2026-03-11 10:35:00,69511.24,69526.15,69511.24,69511.67,2.34058,879
2026-03-11 10:36:00,69511.68,69529.94,69511.67,69513.72,1.67422,793
2026-03-11 10:37:00,69513.72,69537.22,69513.71,69535.47,4.04464,1002
2026-03-11 10:38:00,69535.48,69550.39,69525.53,69542.84,4.39594,1106
2026-03-11 10:39:00,69542.84,69572.62,69495.11,69495.21,152.56499,3166
2026-03-11 10:40:00,69495.2,69533.2,69495.2,69533.2,24.41789,1398
2026-03-11 10:41:00,69533.21,69576.01,69533.2,69567.55,5.16744,1487
2026-03-11 10:42:00,69567.54,69666.84,69554.59,69648.39,15.23979,4082
2026-03-11 10:43:00,69648.39,69688.49,69640.0,69684.62,6.16819,2361
2026-03-11 10:44:00,69684.62,69726.45,69680.9,69683.21,10.65718,2434
2026-03-11 10:45:00,69683.21,69703.19,69664.0,69664.0,4.30351,2960
2026-03-11 10:46:00,69664.0,69668.0,69629.36,69629.36,14.30954,1604
2026-03-11 10:47:00,69629.36,69641.65,69629.36,69632.04,2.46801,783
2026-03-11 10:48:00,69632.04,69632.04,69602.4,69602.41,3.69078,967
2026-03-11 10:49:00,69602.4,69612.54,69592.48,69600.48,2.39956,1188
2026-03-11 10:50:00,69600.48,69613.88,69578.87,69613.87,4.07731,1355
2026-03-11 10:51:00,69613.88,69622.09,69585.69,69585.7,3.49483,1263
2026-03-11 10:52:00,69585.7,69600.05,69585.7,69600.05,2.60557,1033
2026-03-11 10:53:00,69600.05,69600.47,69576.79,69581.64,2.50966,938
2026-03-11 10:54:00,69581.65,69626.56,69580.64,69618.1,221.44176,2200
2026-03-11 10:55:00,69618.09,69618.09,69585.69,69595.54,59.11678,1963
2026-03-11 10:56:00,69595.54,69609.37,69588.59,69592.49,3.14285,945
2026-03-11 10:57:00,69592.48,69599.35,69588.61,69594.57,4.01008,651
2026-03-11 10:58:00,69594.57,69619.46,69594.57,69619.46,3.28541,874
2026-03-11 10:59:00,69619.46,69635.86,69604.9,69604.9,7.15529,1526
2026-03-11 11:00:00,69604.9,69674.0,69545.08,69549.61,79.51116,6378
2026-03-11 11:01:00,69549.62,69755.1,69538.45,69588.76,94.44005,5501
2026-03-11 11:02:00,69588.77,69607.05,69575.54,69607.05,5.9016,1572
2026-03-11 11:03:00,69607.05,69632.36,69571.34,69576.49,2.38833,2240
2026-03-11 11:04:00,69576.48,69616.0,69560.89,69616.0,5.41244,2408
2026-03-11 11:05:00,69616.0,69641.65,69608.23,69620.13,3.02917,1645
2026-03-11 11:06:00,69620.14,69629.5,69574.18,69574.18,2.57586,1931
2026-03-11 11:07:00,69574.18,69583.69,69539.09,69583.68,5.90794,1996
2026-03-11 11:08:00,69583.69,69618.0,69567.47,69613.05,11.10197,2658
2026-03-11 11:09:00,69613.05,69676.89,69602.33,69646.12,190.96577,6705
2026-03-11 11:10:00,69646.11,69660.01,69618.78,69618.78,13.47722,2565
2026-03-11 11:11:00,69618.79,69618.79,69564.41,69569.8,8.82994,1569
2026-03-11 11:12:00,69569.79,69586.38,69555.42,69555.42,11.68233,1566
2026-03-11 11:13:00,69555.42,69567.95,69538.41,69538.41,5.96766,1636
2026-03-11 11:14:00,69538.42,69597.24,69535.05,69595.68,14.08597,2144
2026-03-11 11:15:00,69595.69,69635.05,69595.69,69621.99,19.02959,2850
2026-03-11 11:16:00,69621.98,69647.95,69610.75,69624.84,29.79748,3628
2026-03-11 11:17:00,69624.84,69632.47,69599.99,69608.82,17.2026,2397
2026-03-11 11:18:00,69608.83,69624.49,69606.05,69621.73,5.54737,776
2026-03-11 11:19:00,69621.73,69621.73,69557.06,69570.19,3.67541,2267
2026-03-11 11:20:00,69570.2,69572.46,69561.5,69561.51,2.37397,967
2026-03-11 11:21:00,69561.5,69561.51,69538.41,69538.41,2.87003,1099
2026-03-11 11:22:00,69538.41,69538.41,69489.1,69533.19,7.78809,3126
2026-03-11 11:23:00,69533.18,69533.18,69512.51,69529.29,6.57045,1710
2026-03-11 11:24:00,69529.28,69535.0,69517.27,69523.38,1.65807,1442
2026-03-11 11:25:00,69523.37,69528.58,69505.37,69523.65,5.41018,2079
2026-03-11 11:26:00,69523.65,69523.65,69489.1,69492.0,4.07362,2367
2026-03-11 11:27:00,69492.01,69501.6,69492.01,69501.58,1.46983,1070
2026-03-11 11:28:00,69501.58,69501.59,69427.34,69427.35,12.2218,3905
2026-03-11 11:29:00,69427.35,69480.0,69417.37,69447.45,10.98855,4138
2026-03-11 11:30:00,69447.45,69501.6,69447.44,69491.01,5.60531,2862
2026-03-11 11:31:00,69491.0,69516.58,69476.95,69516.58,1.6658,1604
2026-03-11 11:32:00,69516.57,69538.42,69516.57,69538.42,1.46634,1644
2026-03-11 11:33:00,69538.41,69549.34,69527.23,69527.23,2.96785,2036
2026-03-11 11:34:00,69527.22,69528.26,69497.85,69524.98,7.50295,2064
2026-03-11 11:35:00,69524.99,69553.69,69524.61,69524.62,5.20146,2240
2026-03-11 11:36:00,69524.61,69533.59,69503.41,69510.12,2.60379,2015
2026-03-11 11:37:00,69510.12,69523.27,69503.42,69503.44,4.23237,1142
2026-03-11 11:38:00,69503.43,69530.63,69503.43,69506.14,11.36532,1818
2026-03-11 11:39:00,69506.14,69506.15,69456.39,69474.09,2.95224,1983
2026-03-11 11:40:00,69474.1,69474.24,69448.6,69448.61,2.16699,1662
2026-03-11 11:41:00,69448.6,69486.17,69436.99,69484.57,4.04031,2053
2026-03-11 11:42:00,69484.57,69493.02,69465.36,69469.85,2.70066,1785
2026-03-11 11:43:00,69469.85,69469.86,69404.85,69420.48,5.36009,3258
2026-03-11 11:44:00,69420.48,69449.0,69391.36,69446.96,7.65395,3085
2026-03-11 11:45:00,69446.96,69459.51,69404.56,69412.85,6.66387,4299
2026-03-11 11:46:00,69412.85,69428.14,69403.79,69403.79,4.73759,2264
2026-03-11 11:47:00,69403.8,69458.18,69403.8,69458.17,9.23174,2660
2026-03-11 11:48:00,69458.18,69462.21,69443.85,69457.31,2.01565,1418
2026-03-11 11:49:00,69457.31,69469.86,69431.51,69431.51,16.23799,2853
2026-03-11 11:50:00,69431.51,69506.0,69384.67,69387.41,55.93209,9088
2026-03-11 11:51:00,69387.4,69391.3,69300.0,69315.84,42.04533,6896
2026-03-11 11:52:00,69315.84,69354.11,69300.01,69300.01,7.45573,4201
2026-03-11 11:53:00,69300.0,69310.31,69281.35,69310.31,9.88303,2177
2026-03-11 11:54:00,69310.32,69338.88,69295.81,69324.65,5.31985,1724
2026-03-11 11:55:00,69324.64,69338.12,69323.42,69329.01,3.43767,1499
2026-03-11 11:56:00,69329.0,69329.01,69173.14,69254.28,36.34545,6989
2026-03-11 11:57:00,69254.29,69254.29,69209.5,69249.99,13.79537,3246
2026-03-11 11:58:00,69250.0,69250.0,69230.62,69236.37,6.43713,1951
2026-03-11 11:59:00,69236.36,69236.37,69150.28,69173.0,25.79417,4413
2026-03-11 12:00:00,69172.99,69212.68,69145.8,69212.68,15.64614,5597
2026-03-11 12:01:00,69212.67,69256.0,69181.62,69200.48,31.6189,5383
2026-03-11 12:02:00,69200.49,69236.24,69200.47,69225.6,16.01592,3470
2026-03-11 12:03:00,69225.59,69225.59,69142.21,69151.55,17.89762,5470
2026-03-11 12:04:00,69151.55,69151.55,69089.0,69089.63,25.08134,6786
2026-03-11 12:05:00,69089.63,69102.57,69077.28,69085.49,18.09014,3526
2026-03-11 12:06:00,69085.49,69095.4,69065.0,69065.01,18.2505,2747
2026-03-11 12:07:00,69065.01,69065.01,69002.49,69022.76,40.03605,5097
2026-03-11 12:08:00,69022.77,69031.65,68977.91,68977.92,34.56472,5006
2026-03-11 12:09:00,68977.92,69045.96,68977.91,69030.02,20.84706,4395
2026-03-11 12:10:00,69030.02,69102.29,69020.55,69080.91,10.42075,3462
2026-03-11 12:11:00,69080.91,69126.0,69055.1,69119.09,15.44487,4364
2026-03-11 12:12:00,69119.08,69127.61,69096.86,69120.12,4.80167,3285
2026-03-11 12:13:00,69120.13,69146.77,69114.48,69143.13,6.82734,2215
2026-03-11 12:14:00,69143.12,69215.83,69140.15,69152.82,19.55756,5189
2026-03-11 12:15:00,69152.82,69226.56,69152.82,69205.0,20.6386,3631
2026-03-11 12:16:00,69205.0,69217.56,69179.63,69202.42,5.22038,2377
2026-03-11 12:17:00,69202.42,69219.35,69189.5,69189.51,3.03233,1762
2026-03-11 12:18:00,69189.51,69217.66,69189.5,69201.38,2.89585,1731
2026-03-11 12:19:00,69201.39,69210.29,69191.53,69201.08,2.51428,1600
2026-03-11 12:20:00,69201.07,69201.08,69159.73,69190.81,4.50214,2006
2026-03-11 12:21:00,69190.82,69256.27,69188.88,69254.86,10.97399,3152
2026-03-11 12:22:00,69254.86,69313.11,69222.1,69313.11,10.68611,3186
2026-03-11 12:23:00,69313.12,69417.05,69313.11,69382.49,27.94376,6582
2026-03-11 12:24:00,69382.5,69406.01,69362.25,69402.0,6.92505,2743
2026-03-11 12:25:00,69403.07,69447.26,69395.13,69420.41,5.51066,2934
2026-03-11 12:26:00,69420.41,69424.85,69360.1,69378.68,19.05803,2212
2026-03-11 12:27:00,69378.68,69383.22,69360.0,69381.21,3.79364,1145
2026-03-11 12:28:00,69381.21,69424.27,69380.54,69386.88,3.96348,2302
2026-03-11 12:29:00,69386.88,69427.3,69386.87,69427.3,4.66391,1136
2026-03-11 12:30:00,69427.3,69777.66,69427.3,69455.04,226.75726,20248
2026-03-11 12:31:00,69455.04,69570.86,69455.03,69512.15,14.1433,5134
2026-03-11 12:32:00,69512.16,69512.16,69326.53,69363.18,32.32132,7547
2026-03-11 12:33:00,69363.17,69363.18,69231.16,69245.41,22.44942,6499
2026-03-11 12:34:00,69245.41,69310.29,69245.41,69277.24,9.45381,4148
2026-03-11 12:35:00,69277.69,69286.81,69240.01,69275.27,9.86476,3638
2026-03-11 12:36:00,69275.28,69346.52,69275.27,69342.08,16.35755,4868
2026-03-11 12:37:00,69342.07,69342.08,69268.35,69293.61,36.32266,4459
2026-03-11 12:38:00,69293.62,69350.46,69291.83,69291.83,11.30179,3280
2026-03-11 12:39:00,69291.83,69370.76,69291.83,69339.84,10.29497,3737
2026-03-11 12:40:00,69339.84,69387.61,69325.97,69360.8,12.45449,3164
2026-03-11 12:41:00,69360.81,69360.81,69308.0,69312.68,6.54231,2654
2026-03-11 12:42:00,69312.68,69312.68,69179.66,69204.78,24.52678,6352
2026-03-11 12:43:00,69204.77,69244.0,69204.77,69217.02,6.00031,2836
2026-03-11 12:44:00,69217.01,69253.27,69207.85,69251.26,13.67801,2636
2026-03-11 12:45:00,69251.27,69251.27,69192.79,69208.49,7.45585,2431
2026-03-11 12:46:00,69208.5,69208.5,69182.4,69186.35,7.20402,1316
2026-03-11 12:47:00,69186.36,69231.95,69152.57,69187.18,24.35395,5882
2026-03-11 12:48:00,69187.18,69260.02,69180.3,69256.84,13.66626,3550
2026-03-11 12:49:00,69256.84,69312.86,69256.84,69312.86,10.49403,2883
2026-03-11 12:50:00,69312.85,69312.85,69238.41,69285.14,8.06606,3990
2026-03-11 12:51:00,69285.15,69312.86,69270.47,69287.7,12.27943,2464
2026-03-11 12:52:00,69287.71,69314.69,69274.12,69306.75,12.00202,2829
2026-03-11 12:53:00,69306.75,69306.76,69274.13,69288.28,6.47912,2111
2026-03-11 12:54:00,69288.28,69352.03,69264.67,69352.02,9.2928,2809
2026-03-11 12:55:00,69352.02,69399.98,69352.02,69357.04,11.32761,3989
2026-03-11 12:56:00,69357.04,69362.99,69342.91,69357.45,5.75715,2035
2026-03-11 12:57:00,69357.46,69376.99,69336.56,69376.99,5.81589,1915
2026-03-11 12:58:00,69377.0,69391.18,69333.94,69361.99,10.75886,2601
2026-03-11 12:59:00,69361.99,69362.3,69335.52,69361.13,20.79611,2403
2026-03-11 13:00:00,69361.13,69374.58,69331.04,69361.85,95.82268,3999
2026-03-11 13:01:00,69361.84,69370.7,69342.89,69347.59,10.55628,2751
2026-03-11 13:02:00,69347.59,69370.96,69334.88,69350.96,7.125,2123
2026-03-11 13:03:00,69350.96,69379.66,69350.96,69353.89,5.32591,2333
2026-03-11 13:04:00,69353.88,69364.74,69339.76,69352.68,108.05337,3307
2026-03-11 13:05:00,69352.68,69478.4,69352.67,69440.4,26.75138,5335
2026-03-11 13:06:00,69440.4,69473.25,69440.4,69449.31,5.92893,2293
2026-03-11 13:07:00,69449.31,69449.32,69419.34,69435.85,10.53251,3077
2026-03-11 13:08:00,69435.84,69435.85,69410.12,69410.12,12.58297,2042
2026-03-11 13:09:00,69410.12,69462.57,69410.11,69447.17,7.493,3343
2026-03-11 13:10:00,69447.18,69527.54,69447.17,69527.54,9.03265,3027
2026-03-11 13:11:00,69527.54,69588.79,69527.53,69588.78,7.78055,3902
2026-03-11 13:12:00,69588.78,69678.17,69567.39,69672.95,24.11715,6523
2026-03-11 13:13:00,69672.95,69754.41,69672.95,69754.41,29.50405,7147
2026-03-11 13:14:00,69754.4,69978.99,69754.4,69860.64,107.85599,15658
2026-03-11 13:15:00,69860.64,69884.01,69804.07,69811.5,32.44691,7004
2026-03-11 13:16:00,69811.49,69867.01,69811.49,69850.7,35.6303,3691
2026-03-11 13:17:00,69850.7,70050.05,69850.7,69941.41,47.28572,12199
2026-03-11 13:18:00,69941.41,70004.5,69888.74,69995.41,26.89469,6335
2026-03-11 13:19:00,69995.41,70080.71,69990.11,70079.99,35.09123,7277
2026-03-11 13:20:00,70079.99,70249.99,70073.76,70219.99,98.96629,13718
2026-03-11 13:21:00,70220.0,70378.78,70183.84,70259.29,67.2053,13358
2026-03-11 13:22:00,70259.29,70335.9,70228.0,70327.0,24.57313,6061
2026-03-11 13:23:00,70327.0,70335.75,70257.63,70287.87,17.27749,5824
2026-03-11 13:24:00,70287.86,70287.87,70250.96,70263.85,16.58295,3764
2026-03-11 13:25:00,70263.86,70309.0,70211.16,70225.59,31.88325,5814
2026-03-11 13:26:00,70225.6,70225.98,70172.93,70183.61,25.33559,4263
2026-03-11 13:27:00,70183.61,70224.32,70142.85,70169.69,25.48798,5426
2026-03-11 13:28:00,70169.69,70214.61,70169.69,70182.58,16.17525,4091
2026-03-11 13:29:00,70182.59,70223.59,70177.68,70219.78,10.2205,3338
2026-03-11 13:30:00,70219.79,70343.65,70204.0,70242.33,42.94817,12648
2026-03-11 13:31:00,70242.33,70527.31,70216.27,70510.15,110.79667,19265
2026-03-11 13:32:00,70510.15,70580.0,70452.0,70548.8,69.44541,15237
2026-03-11 13:33:00,70548.79,70707.0,70541.89,70673.93,90.58414,16321
2026-03-11 13:34:00,70673.93,70747.73,70638.58,70727.61,57.30598,10660
2026-03-11 13:35:00,70727.61,70790.23,70586.67,70607.43,64.67222,18275
2026-03-11 13:36:00,70607.44,70787.0,70587.06,70723.0,57.67727,12776
2026-03-11 13:37:00,70723.0,70784.0,70702.29,70778.44,30.81712,11436
2026-03-11 13:38:00,70778.43,70983.63,70778.43,70925.69,104.9337,15530
2026-03-11 13:39:00,70925.69,71091.18,70925.68,71003.33,119.24335,13831
2026-03-11 13:40:00,71003.33,71089.75,70939.06,70962.65,35.22808,9397
2026-03-11 13:41:00,70962.65,70976.0,70868.92,70888.44,55.3503,8930
2026-03-11 13:42:00,70888.44,70894.23,70729.2,70760.8,47.85032,8344
2026-03-11 13:43:00,70760.79,70760.8,70674.36,70674.36,41.70411,7395
2026-03-11 13:44:00,70674.37,70674.37,70442.0,70442.0,99.54849,12838
2026-03-11 13:45:00,70442.01,70562.38,70382.11,70396.91,91.03951,10589
2026-03-11 13:46:00,70396.92,70463.49,70299.29,70329.16,62.60804,13795
2026-03-11 13:47:00,70329.16,70364.25,70195.71,70226.42,43.18113,12575
2026-03-11 13:48:00,70226.41,70297.02,70187.8,70203.35,29.88431,9143
2026-03-11 13:49:00,70203.35,70364.24,70136.49,70334.58,36.15949,10777
2026-03-11 13:50:00,70334.57,70334.58,70216.63,70238.54,28.14473,9355
2026-03-11 13:51:00,70238.54,70249.91,69960.79,69981.8,87.50886,21220
2026-03-11 13:52:00,69981.8,70066.81,69951.33,70004.9,66.0603,12599
2026-03-11 13:53:00,70004.91,70123.99,70004.91,70035.79,24.71863,10172
2026-03-11 13:54:00,70035.79,70035.79,69954.1,69982.96,22.23232,8884
2026-03-11 13:55:00,69982.97,70053.19,69793.17,69893.69,52.95218,15540
2026-03-11 13:56:00,69893.7,70084.38,69888.34,70084.38,32.73999,11415
2026-03-11 13:57:00,70084.39,70195.06,70023.76,70172.42,28.37467,9959
2026-03-11 13:58:00,70172.42,70222.0,70116.39,70217.35,18.43225,6645
2026-03-11 13:59:00,70217.34,70217.34,70150.0,70186.09,15.66074,5185
2026-03-11 14:00:00,70186.08,70536.4,70179.2,70466.36,181.09435,17042
2026-03-11 14:01:00,70466.35,70542.74,70225.96,70236.28,60.99583,13121
2026-03-11 14:02:00,70236.28,70794.39,70207.68,70758.83,182.7418,21898
2026-03-11 14:03:00,70758.82,70762.78,70457.09,70457.14,46.02662,11535
2026-03-11 14:04:00,70457.15,70551.3,70364.24,70401.05,34.42226,11411
2026-03-11 14:05:00,70401.04,70458.31,70360.36,70379.85,25.02997,9654
2026-03-11 14:06:00,70379.86,70437.32,70263.33,70288.49,22.71436,11250
2026-03-11 14:07:00,70288.49,70347.37,70277.66,70312.97,28.82642,10023
2026-03-11 14:08:00,70313.54,70336.84,70185.4,70221.0,43.78815,12646
2026-03-11 14:09:00,70222.15,70290.64,70208.73,70217.95,16.99371,8010
2026-03-11 14:10:00,70217.95,70249.23,70036.66,70052.64,41.55947,12193
2026-03-11 14:11:00,70052.65,70130.44,69906.77,70130.43,166.46793,14660
2026-03-11 14:12:00,70130.44,70144.44,70010.01,70045.81,23.74225,7688
2026-03-11 14:13:00,70045.72,70122.73,69985.43,70055.57,25.33858,9221
2026-03-11 14:14:00,70055.58,70252.0,70055.58,70228.02,28.41885,9111
2026-03-11 14:15:00,70228.01,70280.0,70205.72,70232.47,19.83303,7067
2026-03-11 14:16:00,70232.48,70269.06,70175.18,70232.81,12.28541,6660
2026-03-11 14:17:00,70232.8,70393.5,70230.04,70364.34,128.61748,10341
2026-03-11 14:18:00,70364.34,70418.14,70343.81,70412.35,24.9898,6901
2026-03-11 14:19:00,70412.35,70517.34,70400.13,70475.25,20.21908,9101
2026-03-11 14:20:00,70475.25,70530.76,70436.69,70516.69,26.89675,7423
2026-03-11 14:21:00,70516.68,70580.55,70492.33,70503.57,26.45754,9025
2026-03-11 14:22:00,70503.58,70521.7,70433.71,70433.71,23.64211,7314
2026-03-11 14:23:00,70433.72,70529.65,70380.89,70510.78,49.35935,9236
2026-03-11 14:24:00,70510.78,70581.07,70407.14,70407.15,25.07592,8664
2026-03-11 14:25:00,70407.15,70420.0,70323.73,70364.24,26.91664,8865
2026-03-11 14:26:00,70364.24,70400.6,70276.23,70341.98,13.94928,7496
2026-03-11 14:27:00,70341.97,70393.86,70285.65,70383.38,9.90703,5648
2026-03-11 14:28:00,70383.37,70499.0,70343.55,70498.35,16.81043,7972
2026-03-11 14:29:00,70497.93,70698.64,70481.24,70664.16,37.04689,9103
2026-03-11 14:30:00,70664.17,70693.99,70600.0,70600.01,16.11863,6465
2026-03-11 14:31:00,70600.0,70741.32,70584.62,70585.46,30.38,11589
2026-03-11 14:32:00,70585.46,70607.41,70494.09,70606.59,32.80168,8188
2026-03-11 14:33:00,70606.6,70616.01,70500.0,70500.0,18.9365,5572
2026-03-11 14:34:00,70500.01,70500.01,70446.62,70492.94,19.93295,5484
2026-03-11 14:35:00,70492.94,70658.09,70485.31,70587.43,29.08084,8661
2026-03-11 14:36:00,70587.44,70787.51,70587.43,70700.49,37.37236,9808
2026-03-11 14:37:00,70700.5,70900.0,70697.47,70884.17,74.99442,13369
2026-03-11 14:38:00,70884.16,70966.19,70878.59,70898.5,53.4905,11075
2026-03-11 14:39:00,70898.51,70925.84,70781.75,70826.0,30.77795,9013
2026-03-11 14:40:00,70826.87,70844.0,70740.01,70740.01,21.28228,7068
2026-03-11 14:41:00,70740.02,70777.17,70704.57,70706.41,61.84028,5942
2026-03-11 14:42:00,70706.41,70797.69,70704.57,70797.68,9.85553,4519
2026-03-11 14:43:00,70797.69,70894.01,70750.17,70853.35,28.09667,9055
2026-03-11 14:44:00,70853.35,70893.99,70806.01,70842.71,19.14894,6175
2026-03-11 14:45:00,70842.72,70937.2,70814.19,70937.2,21.99818,8430
2026-03-11 14:46:00,70937.2,70987.0,70680.95,70683.88,41.13444,10923
2026-03-11 14:47:00,70683.89,70817.36,70626.15,70783.0,42.6441,11701
2026-03-11 14:48:00,70783.0,70811.58,70689.05,70759.71,14.40269,7290
2026-03-11 14:49:00,70759.72,70845.39,70759.72,70798.56,16.26654,5025
2026-03-11 14:50:00,70798.57,70820.85,70753.3,70781.75,8.52939,3552
2026-03-11 14:51:00,70781.75,70806.0,70738.79,70760.95,17.70863,5323
2026-03-11 14:52:00,70760.96,70778.15,70720.0,70742.69,13.85506,4777
2026-03-11 14:53:00,70742.69,70742.69,70634.93,70712.8,26.03273,5684
2026-03-11 14:54:00,70712.8,70777.16,70669.92,70762.28,12.38539,4300
2026-03-11 14:55:00,70762.28,70762.28,70640.65,70640.66,9.60399,5545
2026-03-11 14:56:00,70640.66,70729.03,70640.66,70693.53,10.8866,3924
2026-03-11 14:57:00,70693.54,70704.47,70626.15,70654.16,18.66953,4198
2026-03-11 14:58:00,70654.16,70738.4,70654.16,70684.62,34.15705,4957
2026-03-11 14:59:00,70684.61,70692.72,70501.78,70578.7,89.22544,7891
2026-03-11 15:00:00,70578.7,70628.0,70577.4,70612.29,19.99247,8151
2026-03-11 15:01:00,70612.3,70654.43,70552.94,70552.95,18.02835,6042
2026-03-11 15:02:00,70552.95,70560.47,70341.17,70350.0,71.82609,10157
2026-03-11 15:03:00,70350.01,70418.7,70301.28,70416.28,73.16509,10657
2026-03-11 15:04:00,70416.28,70469.23,70332.48,70464.01,16.41491,6397
2026-03-11 15:05:00,70464.01,70481.84,70401.91,70405.48,15.46728,6189
2026-03-11 15:06:00,70405.48,70405.48,70246.59,70275.25,44.00367,9372
2026-03-11 15:07:00,70275.25,70317.37,70255.94,70308.01,16.2395,5944
2026-03-11 15:08:00,70308.01,70317.42,70251.8,70295.62,16.65681,5438
2026-03-11 15:09:00,70295.63,70323.33,70275.69,70323.33,16.92688,4072
2026-03-11 15:10:00,70323.34,70382.47,70323.33,70356.94,15.20238,5767
2026-03-11 15:11:00,70356.94,70356.94,70200.02,70311.1,29.07546,7844
2026-03-11 15:12:00,70311.1,70326.87,70088.89,70095.03,45.76841,12560
2026-03-11 15:13:00,70095.03,70125.48,69994.73,70114.62,88.38802,14358
2026-03-11 15:14:00,70113.7,70166.29,70071.22,70147.69,19.34102,8048
2026-03-11 15:15:00,70147.69,70178.91,70054.59,70074.87,41.71836,9051
2026-03-11 15:16:00,70074.86,70163.13,70067.74,70083.93,45.95705,7336
2026-03-11 15:17:00,70083.93,70132.12,70047.46,70087.18,28.51672,7429
2026-03-11 15:18:00,70087.17,70136.68,70035.33,70125.66,36.51906,6434
2026-03-11 15:19:00,70125.02,70250.07,70117.78,70246.27,35.17289,8045
2026-03-11 15:20:00,70246.28,70316.15,70236.28,70284.49,50.35288,8233
2026-03-11 15:21:00,70284.48,70364.24,70263.04,70300.97,22.71768,8849
2026-03-11 15:22:00,70300.96,70339.67,70213.4,70258.73,19.28919,5774
2026-03-11 15:23:00,70258.72,70394.48,70250.2,70358.0,17.33957,6518
2026-03-11 15:24:00,70357.99,70422.36,70340.78,70405.94,13.45388,5981
2026-03-11 15:25:00,70405.93,70471.6,70395.37,70421.06,21.72681,6355
2026-03-11 15:26:00,70421.05,70423.48,70339.66,70339.66,17.01359,4689
2026-03-11 15:27:00,70339.66,70359.27,70261.01,70359.26,24.18248,5395
2026-03-11 15:28:00,70359.26,70405.0,70309.75,70319.75,15.70099,4841
2026-03-11 15:29:00,70319.76,70325.67,70202.39,70206.0,16.3752,4052
2026-03-11 15:30:00,70206.0,70206.01,69924.02,69953.02,50.16541,14590
2026-03-11 15:31:00,69953.02,69953.02,69850.0,69855.54,65.18997,12401
2026-03-11 15:32:00,69855.78,69865.22,69702.25,69854.29,69.61654,16744
2026-03-11 15:33:00,69854.29,69878.0,69802.96,69873.09,40.90177,6968
2026-03-11 15:34:00,69873.09,70099.48,69873.09,70051.26,44.21665,10796
2026-03-11 15:35:00,70051.26,70064.03,69961.02,69991.95,26.72266,7237
2026-03-11 15:36:00,69991.96,70077.24,69991.96,70036.0,23.69162,7141
2026-03-11 15:37:00,70036.01,70164.99,70036.01,70139.93,25.57059,7542
2026-03-11 15:38:00,70139.94,70236.09,70136.04,70171.6,20.82266,6227
2026-03-11 15:39:00,70171.6,70190.51,70111.13,70183.3,30.10521,5114
2026-03-11 15:40:00,70183.3,70211.39,70152.06,70187.81,15.27931,6189
2026-03-11 15:41:00,70187.8,70265.95,70187.8,70233.46,24.95786,6605
2026-03-11 15:42:00,70233.46,70239.31,70182.76,70209.99,27.54019,5216
2026-03-11 15:43:00,70209.99,70233.83,70199.21,70207.3,13.51662,3775
2026-03-11 15:44:00,70207.29,70207.29,70065.33,70065.33,21.49725,5206
2026-03-11 15:45:00,70065.33,70100.79,70031.06,70095.01,23.84956,6244
2026-03-11 15:46:00,70095.0,70123.16,70036.35,70084.39,27.80388,7245
2026-03-11 15:47:00,70084.38,70084.38,70000.1,70042.15,20.74679,8230
2026-03-11 15:48:00,70042.15,70042.15,69925.42,69925.43,38.60029,7347
2026-03-11 15:49:00,69925.42,70011.99,69878.34,70000.58,126.18943,8086
2026-03-11 15:50:00,70000.58,70157.79,70000.58,70138.84,19.62786,6794
2026-03-11 15:51:00,70138.84,70228.0,70138.84,70151.21,29.99596,7334
2026-03-11 15:52:00,70151.22,70180.12,70134.28,70178.57,14.93431,4559
2026-03-11 15:53:00,70178.57,70270.1,70171.99,70246.27,14.74216,4859
2026-03-11 15:54:00,70246.26,70246.27,70196.03,70242.34,14.24817,2926
2026-03-11 15:55:00,70242.33,70327.64,70225.14,70285.51,27.34272,7648
2026-03-11 15:56:00,70285.51,70285.52,70247.3,70258.39,17.48051,4533
2026-03-11 15:57:00,70258.39,70270.01,70222.61,70262.14,17.49555,4325
2026-03-11 15:58:00,70262.14,70277.95,70234.0,70257.56,17.98306,3282
2026-03-11 15:59:00,70257.56,70257.57,70199.96,70227.91,21.32905,2749
2026-03-11 16:00:00,70227.92,70255.0,70190.16,70255.0,24.37869,7084
2026-03-11 16:01:00,70255.0,70355.2,70252.96,70314.35,34.57989,8194
2026-03-11 16:02:00,70314.36,70340.0,70233.35,70319.36,20.53881,8108
2026-03-11 16:03:00,70319.36,70338.0,70285.9,70310.35,25.81523,6037
2026-03-11 16:04:00,70310.35,70318.37,70161.78,70224.31,32.97135,7223
2026-03-11 16:05:00,70224.99,70326.18,70219.72,70318.44,21.90265,4748
2026-03-11 16:06:00,70318.43,70434.24,70300.0,70422.24,35.84097,7608
2026-03-11 16:07:00,70422.24,70460.0,70324.58,70346.6,26.99799,7370
2026-03-11 16:08:00,70346.59,70427.87,70328.57,70399.22,23.90113,5981
2026-03-11 16:09:00,70399.22,70401.75,70355.66,70355.66,15.68004,3732
2026-03-11 16:10:00,70355.66,70447.3,70355.66,70443.99,18.52815,5734
2026-03-11 16:11:00,70443.99,70472.86,70356.38,70375.43,16.50589,5409
2026-03-11 16:12:00,70375.42,70380.84,70258.42,70326.7,20.69192,6787
2026-03-11 16:13:00,70326.7,70474.11,70326.69,70422.14,146.81264,5505
2026-03-11 16:14:00,70422.14,70455.07,70403.34,70455.06,19.32547,3293
2026-03-11 16:15:00,70455.07,70470.85,70356.82,70366.68,29.52109,7162
2026-03-11 16:16:00,70366.69,70381.9,70318.32,70379.85,17.79521,4726
2026-03-11 16:17:00,70379.86,70389.6,70345.45,70380.48,12.27091,3139
2026-03-11 16:18:00,70380.47,70482.51,70380.47,70469.9,26.15245,5510
2026-03-11 16:19:00,70469.89,70470.58,70379.85,70382.54,48.43552,4810
2026-03-11 16:20:00,70382.54,70393.29,70278.97,70333.12,17.93351,5536
2026-03-11 16:21:00,70333.12,70364.25,70296.39,70364.24,9.70392,3255
2026-03-11 16:22:00,70364.24,70475.18,70352.72,70475.18,14.9651,3657
2026-03-11 16:23:00,70475.18,70596.51,70383.93,70383.94,48.51744,11491
2026-03-11 16:24:00,70383.94,70408.0,70345.89,70400.0,19.74227,5405
2026-03-11 16:25:00,70399.99,70447.87,70388.01,70401.95,16.16484,3853
2026-03-11 16:26:00,70401.94,70433.07,70380.04,70433.07,14.29538,3839
2026-03-11 16:27:00,70433.07,70496.42,70433.07,70483.07,18.41668,3293
2026-03-11 16:28:00,70483.06,70483.06,70424.37,70440.62,12.08156,3765
2026-03-11 16:29:00,70440.62,70467.48,70424.48,70463.49,12.38154,2713
2026-03-11 16:30:00,70463.49,70531.88,70451.89,70502.87,22.54452,4273
2026-03-11 16:31:00,70502.88,70592.7,70502.88,70592.7,22.81432,5568
2026-03-11 16:32:00,70592.7,70679.33,70502.05,70517.48,88.3989,8950
2026-03-11 16:33:00,70517.49,70603.6,70501.27,70601.15,27.79015,5225
2026-03-11 16:34:00,70601.15,70724.59,70601.15,70713.25,71.16953,6773
2026-03-11 16:35:00,70713.26,70752.21,70658.8,70704.84,25.89359,6618
2026-03-11 16:36:00,70704.84,70727.78,70651.81,70651.81,24.37845,4710
2026-03-11 16:37:00,70651.81,70782.0,70645.86,70747.21,44.0326,6211
2026-03-11 16:38:00,70747.2,70747.21,70686.27,70707.7,13.53402,4882
2026-03-11 16:39:00,70707.7,70707.71,70672.27,70673.93,11.91539,3375
2026-03-11 16:40:00,70673.93,70673.94,70609.87,70672.5,14.94734,4911
2026-03-11 16:41:00,70672.5,70694.59,70635.77,70692.29,45.468,4685
2026-03-11 16:42:00,70692.28,70692.29,70609.87,70649.35,24.5014,4616
2026-03-11 16:43:00,70649.36,70661.66,70594.99,70647.26,24.96598,3686
2026-03-11 16:44:00,70647.25,70757.21,70639.16,70749.87,65.18086,4850
2026-03-11 16:45:00,70749.87,70756.15,70711.79,70711.79,20.60108,3999
2026-03-11 16:46:00,70711.79,70798.11,70658.76,70789.73,59.39779,7844
2026-03-11 16:47:00,70789.72,70826.39,70742.56,70750.04,46.3426,7994
2026-03-11 16:48:00,70750.03,70750.03,70631.11,70632.28,23.4607,4894
2026-03-11 16:49:00,70632.28,70697.43,70607.4,70694.58,28.14668,4259
2026-03-11 16:50:00,70694.58,70757.52,70677.0,70692.73,34.27482,5955
2026-03-11 16:51:00,70692.72,70725.54,70686.72,70705.83,41.70811,3947
2026-03-11 16:52:00,70705.83,70725.0,70689.09,70704.43,18.44231,3616
2026-03-11 16:53:00,70704.42,70704.43,70664.27,70668.01,18.47251,2700
2026-03-11 16:54:00,70668.0,70668.01,70612.08,70651.29,39.10277,4797
2026-03-11 16:55:00,70651.28,70651.29,70570.7,70570.7,40.41088,5389
2026-03-11 16:56:00,70570.71,70577.04,70541.17,70541.17,31.26084,3393
2026-03-11 16:57:00,70541.18,70575.42,70495.99,70534.91,35.88458,5498
2026-03-11 16:58:00,70534.91,70559.24,70522.03,70549.3,23.47298,2631
2026-03-11 16:59:00,70549.31,70570.71,70549.3,70570.71,46.5621,1760
2026-03-11 17:00:00,70570.71,70623.3,70560.08,70603.64,38.9763,5489
2026-03-11 17:01:00,70603.65,70652.23,70593.98,70593.98,42.06662,5401
2026-03-11 17:02:00,70593.98,70734.96,70568.29,70729.92,71.24562,5803
2026-03-11 17:03:00,70729.91,70908.0,70729.91,70908.0,65.45009,11439
2026-03-11 17:04:00,70908.0,70940.62,70864.69,70899.99,26.75742,7420
2026-03-11 17:05:00,70899.99,70930.73,70826.57,70924.54,26.47178,6419
2026-03-11 17:06:00,70924.54,70924.54,70859.05,70886.88,26.14202,4751
2026-03-11 17:07:00,70886.87,70930.74,70840.44,70856.36,28.4768,5665
2026-03-11 17:08:00,70856.35,70889.0,70823.19,70841.25,17.02089,2958
2026-03-11 17:09:00,70841.25,70887.6,70832.25,70875.9,22.95026,3337
2026-03-11 17:10:00,70875.89,70901.33,70840.82,70901.33,15.72066,4116
2026-03-11 17:11:00,70901.32,70939.01,70894.7,70939.01,16.13936,4119
2026-03-11 17:12:00,70939.01,70950.0,70837.37,70855.39,34.99034,6044
2026-03-11 17:13:00,70855.39,71000.0,70855.39,70922.0,42.24011,8335
2026-03-11 17:14:00,70922.0,70922.0,70806.65,70872.48,32.34245,7743
2026-03-11 17:15:00,70872.47,70954.39,70846.49,70947.1,23.74503,4991
2026-03-11 17:16:00,70947.1,70989.4,70930.24,70961.43,21.55433,5469
2026-03-11 17:17:00,70961.43,70993.44,70933.45,70970.56,20.85354,6353
2026-03-11 17:18:00,70970.57,70974.58,70908.0,70929.6,24.11706,4718
2026-03-11 17:19:00,70929.61,70989.75,70884.99,70989.74,19.53425,5243
2026-03-11 17:20:00,70989.74,71023.0,70955.49,70959.88,82.54031,8630
2026-03-11 17:21:00,70959.87,70971.59,70915.21,70970.93,15.69781,7153
2026-03-11 17:22:00,70970.92,71013.11,70933.99,70963.2,27.3255,4838
2026-03-11 17:23:00,70963.2,71023.0,70959.25,71002.97,17.67668,3568
2026-03-11 17:24:00,71002.97,71200.0,70987.09,71181.41,307.20501,14259
2026-03-11 17:25:00,71181.41,71280.6,71171.87,71268.24,73.97268,12008
2026-03-11 17:26:00,71268.24,71307.14,71219.9,71248.23,40.9723,8268
2026-03-11 17:27:00,71248.24,71312.15,71248.23,71291.92,27.89276,4625
2026-03-11 17:28:00,71291.93,71291.93,71202.82,71203.93,25.89287,5876
2026-03-11 17:29:00,71203.94,71260.01,71190.07,71252.42,56.03766,3477
2026-03-11 17:30:00,71252.42,71319.28,71235.67,71319.27,21.78584,4256
2026-03-11 17:31:00,71319.28,71321.0,71122.3,71244.26,45.89624,10240
2026-03-11 17:32:00,71244.26,71244.26,71091.02,71114.66,25.96584,8369
2026-03-11 17:33:00,71114.67,71127.45,71000.86,71010.61,47.69825,6028
2026-03-11 17:34:00,71010.61,71020.0,70971.69,70973.09,23.10482,4079
2026-03-11 17:35:00,70973.08,71067.73,70970.51,70984.01,21.99675,6242
2026-03-11 17:36:00,70984.0,70984.0,70719.49,70719.5,58.73098,12687
2026-03-11 17:37:00,70719.5,70732.53,70548.14,70570.71,86.48456,14017
2026-03-11 17:38:00,70570.71,70644.0,70512.01,70585.76,37.8825,13033
2026-03-11 17:39:00,70585.76,70700.0,70585.76,70699.99,26.13529,9926
2026-03-11 17:40:00,70699.99,70846.0,70699.99,70813.52,26.42557,8918
2026-03-11 17:41:00,70813.52,70856.0,70721.06,70849.41,34.30786,10244
2026-03-11 17:42:00,70849.41,70849.41,70694.58,70708.19,21.5402,6914
2026-03-11 17:43:00,70708.19,70777.17,70650.01,70706.94,16.70668,7442
2026-03-11 17:44:00,70706.66,70850.01,70706.66,70822.08,30.57604,6563
2026-03-11 17:45:00,70822.07,70850.46,70782.58,70832.72,23.15842,7346
2026-03-11 17:46:00,70832.73,70895.5,70796.0,70867.14,20.84342,6131
2026-03-11 17:47:00,70868.05,70895.5,70805.33,70819.52,18.35029,5105
2026-03-11 17:48:00,70819.52,70920.96,70819.52,70843.84,38.23815,7055
2026-03-11 17:49:00,70843.83,70850.99,70807.04,70847.48,15.53549,5865
2026-03-11 17:50:00,70847.48,70930.65,70847.48,70920.77,18.81792,6212
2026-03-11 17:51:00,70920.76,70928.46,70844.35,70915.17,11.20987,5397
2026-03-11 17:52:00,70915.17,70961.27,70902.32,70907.81,25.88164,4639
2026-03-11 17:53:00,70907.82,70907.82,70772.54,70806.0,17.52615,5448
2026-03-11 17:54:00,70805.99,70815.6,70754.5,70763.19,14.15144,4270
2026-03-11 17:55:00,70763.18,70763.18,70636.35,70694.3,22.51655,8861
2026-03-11 17:56:00,70694.31,70751.08,70666.68,70666.69,22.19947,6044
2026-03-11 17:57:00,70666.69,70764.99,70666.69,70764.99,8.44365,3415
2026-03-11 17:58:00,70764.98,70777.19,70696.55,70774.15,8.72461,3720
2026-03-11 17:59:00,70774.15,70811.58,70752.0,70785.99,39.36351,4068
2026-03-11 18:00:00,70785.99,70857.62,70772.65,70841.51,134.96448,5953
2026-03-11 18:01:00,70841.51,70864.79,70776.24,70788.36,21.32337,6334
2026-03-11 18:02:00,70788.36,70836.0,70759.22,70788.26,11.81084,5518
2026-03-11 18:03:00,70788.27,70868.93,70781.63,70850.6,18.34822,4839
2026-03-11 18:04:00,70850.6,70880.4,70837.29,70846.2,10.26992,3854
2026-03-11 18:05:00,70846.21,70867.18,70813.9,70822.89,10.50284,2991
2026-03-11 18:06:00,70822.89,70864.0,70817.0,70825.65,11.54205,2778
2026-03-11 18:07:00,70825.65,70861.0,70789.66,70861.0,10.24769,3696
2026-03-11 18:08:00,70860.99,70861.02,70733.27,70752.07,12.70124,5148
2026-03-11 18:09:00,70752.07,70762.56,70699.01,70717.2,22.61436,4073
2026-03-11 18:10:00,70717.2,70757.76,70697.24,70697.24,12.33856,4045
2026-03-11 18:11:00,70697.24,70706.24,70649.66,70657.99,12.86347,5766
2026-03-11 18:12:00,70657.99,70713.26,70657.99,70707.87,13.16874,3559
2026-03-11 18:13:00,70707.86,70777.17,70706.09,70777.17,11.8513,4915
2026-03-11 18:14:00,70777.17,70778.0,70724.09,70751.99,7.09314,3781
2026-03-11 18:15:00,70751.99,70809.68,70736.52,70777.16,13.27477,4655
2026-03-11 18:16:00,70777.16,70798.0,70745.39,70752.09,8.77033,3170
2026-03-11 18:17:00,70752.09,70752.09,70648.93,70648.93,11.16446,4832
2026-03-11 18:18:00,70648.93,70729.71,70633.54,70704.0,6.79995,5857
2026-03-11 18:19:00,70703.99,70713.26,70659.23,70691.94,6.1825,2598
2026-03-11 18:20:00,70691.94,70828.52,70683.62,70798.91,26.14527,6750
2026-03-11 18:21:00,70798.92,70895.31,70778.0,70858.16,13.9285,5033
2026-03-11 18:22:00,70858.64,70858.64,70735.07,70735.08,14.73244,4420
2026-03-11 18:23:00,70735.07,70774.5,70724.22,70764.2,12.82094,2462
2026-03-11 18:24:00,70764.21,70768.9,70713.26,70763.94,15.60643,2329
2026-03-11 18:25:00,70763.93,70816.04,70756.91,70806.66,18.10733,3015
2026-03-11 18:26:00,70806.65,70837.64,70790.59,70826.86,9.69824,2470
2026-03-11 18:27:00,70826.86,70854.67,70682.22,70708.05,41.6287,3769
2026-03-11 18:28:00,70708.05,70791.22,70708.04,70708.05,20.86202,3879
2026-03-11 18:29:00,70708.04,70708.04,70614.0,70703.99,33.65932,4352
2026-03-11 18:30:00,70703.99,70730.31,70650.53,70706.81,17.93405,3869
2026-03-11 18:31:00,70706.82,70752.07,70702.71,70738.61,8.42276,3345
2026-03-11 18:32:00,70738.62,70746.97,70646.24,70646.25,13.92488,1926
2026-03-11 18:33:00,70646.24,70713.26,70636.0,70655.47,27.00664,4269
2026-03-11 18:34:00,70655.99,70737.59,70655.99,70704.0,18.24859,2891
2026-03-11 18:35:00,70704.01,70737.6,70658.63,70690.37,16.16425,3266
2026-03-11 18:36:00,70690.37,70700.64,70650.66,70662.37,16.78395,1981
2026-03-11 18:37:00,70662.38,70707.46,70656.25,70707.39,10.69062,1690
2026-03-11 18:38:00,70707.39,70720.0,70661.0,70666.0,17.84399,2537
2026-03-11 18:39:00,70666.0,70666.01,70441.0,70461.69,45.51457,9773
2026-03-11 18:40:00,70461.69,70550.94,70433.06,70549.67,19.38012,4640
2026-03-11 18:41:00,70549.67,70585.83,70516.55,70516.56,20.66172,3749
2026-03-11 18:42:00,70516.55,70560.52,70492.31,70557.97,7.22928,2172
2026-03-11 18:43:00,70557.97,70570.71,70415.27,70449.33,53.79443,6901
2026-03-11 18:44:00,70449.33,70516.75,70449.33,70512.48,13.26599,2617
2026-03-11 18:45:00,70512.48,70520.24,70428.48,70476.85,28.23067,4491
2026-03-11 18:46:00,70476.86,70557.19,70476.86,70538.39,10.76355,3424
2026-03-11 18:47:00,70538.39,70545.78,70506.39,70545.78,8.29529,1999
2026-03-11 18:48:00,70545.77,70555.61,70507.73,70543.24,6.28035,2318
2026-03-11 18:49:00,70543.24,70653.34,70543.23,70653.34,25.46413,3687
2026-03-11 18:50:00,70653.33,70671.54,70626.83,70669.81,16.57352,4021
2026-03-11 18:51:00,70669.8,70756.76,70669.8,70756.75,15.32492,3816
2026-03-11 18:52:00,70756.75,70777.17,70718.63,70718.64,13.04278,3839
2026-03-11 18:53:00,70718.64,70723.52,70659.02,70659.03,11.90845,2559
2026-03-11 18:54:00,70659.03,70706.71,70659.03,70706.7,32.91878,3405
2026-03-11 18:55:00,70706.71,70742.78,70706.7,70741.04,24.50926,1865
2026-03-11 18:56:00,70741.03,70741.04,70650.18,70656.51,10.87629,2365
2026-03-11 18:57:00,70656.51,70657.47,70619.86,70632.43,17.21457,1992
2026-03-11 18:58:00,70632.43,70644.39,70624.0,70643.46,10.67524,1172
2026-03-11 18:59:00,70643.45,70650.76,70607.4,70617.64,20.16905,1959
2026-03-11 19:00:00,70617.63,70631.89,70580.0,70618.41,25.49615,3065
2026-03-11 19:01:00,70618.41,70629.7,70604.27,70610.53,19.68363,2119
2026-03-11 19:02:00,70610.53,70610.54,70519.47,70519.47,31.52605,4320
2026-03-11 19:03:00,70519.47,70530.62,70451.8,70530.62,35.05259,4680
2026-03-11 19:04:00,70530.62,70578.35,70520.23,70563.5,24.54859,2781
2026-03-11 19:05:00,70563.5,70563.5,70486.84,70493.79,17.99713,3166
2026-03-11 19:06:00,70493.79,70493.79,70436.36,70493.77,33.84569,3060
2026-03-11 19:07:00,70493.77,70563.5,70493.76,70539.98,18.56279,2147
2026-03-11 19:08:00,70539.99,70551.18,70475.53,70490.69,18.47914,2060
2026-03-11 19:09:00,70490.68,70502.88,70459.11,70461.67,3.9386,1254
2026-03-11 19:10:00,70461.68,70516.64,70448.67,70516.63,9.73659,2620
2026-03-11 19:11:00,70516.63,70526.47,70480.13,70513.74,16.67346,2840
2026-03-11 19:12:00,70513.73,70513.74,70375.68,70398.39,22.23737,4790
2026-03-11 19:13:00,70398.39,70449.06,70398.39,70444.89,9.37139,2854
2026-03-11 19:14:00,70444.89,70480.5,70444.88,70473.38,3.62802,1224
2026-03-11 19:15:00,70473.38,70473.38,70377.46,70410.65,16.41668,3288
2026-03-11 19:16:00,70410.65,70467.48,70396.45,70430.14,30.39469,4079
2026-03-11 19:17:00,70430.15,70449.12,70398.84,70443.69,5.79157,3261
2026-03-11 19:18:00,70443.69,70464.58,70414.0,70437.79,10.59521,3374
2026-03-11 19:19:00,70437.79,70490.8,70437.79,70490.79,8.27838,2191
2026-03-11 19:20:00,70490.79,70520.24,70474.89,70503.61,7.99201,2780
2026-03-11 19:21:00,70503.62,70539.23,70479.45,70494.58,8.50417,2573
2026-03-11 19:22:00,70494.58,70519.91,70484.05,70489.33,5.25578,1944
2026-03-11 19:23:00,70489.34,70498.61,70478.5,70480.27,4.68802,1525
2026-03-11 19:24:00,70480.27,70561.56,70471.47,70556.33,7.59092,3312
2026-03-11 19:25:00,70556.0,70563.45,70527.08,70540.97,8.27255,2059
2026-03-11 19:26:00,70540.96,70565.69,70540.96,70545.58,4.41631,1739
2026-03-11 19:27:00,70545.58,70555.08,70540.22,70543.3,6.11201,763
2026-03-11 19:28:00,70543.3,70550.53,70507.05,70509.32,2.96134,1424
2026-03-11 19:29:00,70509.32,70526.47,70509.19,70526.47,1.85257,820
2026-03-11 19:30:00,70526.47,70537.99,70492.01,70526.47,5.49666,2597
2026-03-11 19:31:00,70526.47,70550.53,70500.68,70500.69,5.62556,1919
2026-03-11 19:32:00,70500.69,70564.78,70477.86,70564.78,8.26781,2471
2026-03-11 19:33:00,70564.77,70609.66,70560.83,70604.42,18.70586,2693
2026-03-11 19:34:00,70604.42,70670.0,70599.26,70651.32,11.07331,3535
2026-03-11 19:35:00,70651.32,70715.1,70651.32,70664.0,13.64736,3685
2026-03-11 19:36:00,70664.0,70673.94,70644.41,70673.93,3.85941,1775
2026-03-11 19:37:00,70673.93,70699.2,70673.09,70699.18,4.60711,2089
2026-03-11 19:38:00,70699.19,70742.38,70699.18,70715.91,11.1557,2389
2026-03-11 19:39:00,70715.91,70715.91,70659.17,70666.44,5.57814,1955
2026-03-11 19:40:00,70666.43,70666.59,70636.2,70650.53,22.19838,2658
2026-03-11 19:41:00,70650.52,70650.52,70607.4,70626.11,12.94162,2464
2026-03-11 19:42:00,70626.11,70637.41,70626.11,70637.39,4.34362,420
2026-03-11 19:43:00,70637.39,70637.4,70627.98,70632.93,2.03564,621
2026-03-11 19:44:00,70632.93,70683.35,70632.93,70674.86,4.00962,1497
2026-03-11 19:45:00,70674.87,70674.87,70637.84,70637.85,2.41912,924
2026-03-11 19:46:00,70637.85,70684.47,70620.03,70677.17,3.74289,1730
2026-03-11 19:47:00,70677.17,70681.75,70657.44,70681.75,8.84555,1480
2026-03-11 19:48:00,70681.75,70681.75,70635.22,70635.22,6.64617,1956
2026-03-11 19:49:00,70635.23,70654.83,70635.22,70654.83,1.78984,551
2026-03-11 19:50:00,70654.83,70683.56,70642.44,70683.56,4.46896,2115
2026-03-11 19:51:00,70683.56,70722.0,70683.56,70705.11,8.06806,2158
2026-03-11 19:52:00,70705.11,70705.11,70688.87,70692.64,3.83884,1156
2026-03-11 19:53:00,70692.64,70699.89,70689.35,70699.89,1.4503,486
2026-03-11 19:54:00,70699.89,70709.48,70691.05,70691.05,6.05072,1224
2026-03-11 19:55:00,70691.05,70691.05,70614.06,70630.1,12.2036,3195
2026-03-11 19:56:00,70630.1,70630.1,70576.25,70595.06,13.05907,2247
2026-03-11 19:57:00,70595.06,70610.0,70570.7,70609.99,5.19431,1112
2026-03-11 19:58:00,70609.99,70646.68,70609.99,70640.26,2.93304,1227
2026-03-11 19:59:00,70640.25,70650.21,70588.79,70641.82,10.07584,2409
2026-03-11 20:00:00,70641.81,70645.68,70598.25,70598.25,28.15144,3321
2026-03-11 20:01:00,70598.24,70598.24,70506.97,70524.72,13.31491,3254
2026-03-11 20:02:00,70524.72,70537.04,70506.97,70534.32,4.01132,1548
2026-03-11 20:03:00,70534.33,70534.33,70479.04,70485.31,8.92744,2523
2026-03-11 20:04:00,70485.3,70525.44,70485.3,70505.62,3.21592,1644
2026-03-11 20:05:00,70505.62,70514.64,70488.21,70514.64,6.54501,1422
2026-03-11 20:06:00,70514.64,70526.46,70513.0,70516.63,3.22842,983
2026-03-11 20:07:00,70516.64,70520.24,70494.1,70501.22,2.75278,1168
2026-03-11 20:08:00,70501.23,70526.0,70501.23,70514.37,4.84418,991
2026-03-11 20:09:00,70514.37,70514.37,70488.21,70488.21,2.73438,618
2026-03-11 20:10:00,70488.22,70489.9,70470.06,70473.39,5.39322,939
2026-03-11 20:11:00,70473.39,70473.4,70434.03,70444.03,4.02242,1547
2026-03-11 20:12:00,70444.02,70458.83,70444.02,70453.65,10.14957,1006
2026-03-11 20:13:00,70453.66,70458.36,70446.68,70458.36,4.72906,531
2026-03-11 20:14:00,70458.35,70458.36,70434.03,70434.15,8.38639,1206
2026-03-11 20:15:00,70434.15,70434.15,70400.0,70422.44,6.25849,1506
2026-03-11 20:16:00,70422.45,70464.39,70422.45,70464.39,3.63244,1111
2026-03-11 20:17:00,70464.38,70498.0,70464.38,70471.64,9.72521,1338
2026-03-11 20:18:00,70471.64,70471.64,70447.99,70468.41,4.9103,1441
2026-03-11 20:19:00,70468.52,70510.5,70468.51,70510.4,2.34373,1297
2026-03-11 20:20:00,70510.4,70510.4,70479.66,70485.15,7.40449,1307
2026-03-11 20:21:00,70485.16,70485.16,70444.2,70448.0,12.0928,1198
2026-03-11 20:22:00,70448.0,70467.48,70447.99,70467.47,1.57954,509
2026-03-11 20:23:00,70467.48,70507.0,70467.47,70478.46,3.47843,2136
2026-03-11 20:24:00,70478.45,70478.45,70444.23,70444.24,4.27582,818
2026-03-11 20:25:00,70444.24,70457.46,70394.23,70417.57,7.38495,2884
2026-03-11 20:26:00,70417.57,70441.27,70417.57,70426.71,2.4964,1162
2026-03-11 20:27:00,70426.71,70426.72,70400.0,70400.01,2.52835,494
2026-03-11 20:28:00,70400.0,70438.3,70400.0,70436.33,3.53042,1167
2026-03-11 20:29:00,70436.32,70439.9,70426.43,70439.89,4.44417,890
2026-03-11 20:30:00,70439.9,70439.9,70439.89,70439.89,0.21702,151
2026-03-11 20:31:00,70439.9,70504.0,70439.89,70504.0,6.88678,2257
2026-03-11 20:32:00,70504.0,70504.0,70487.83,70487.83,3.94983,1099
2026-03-11 20:33:00,70487.83,70487.83,70447.5,70477.92,5.52397,1759
2026-03-11 20:34:00,70477.93,70509.59,70477.31,70500.62,4.07093,1280
2026-03-11 20:35:00,70500.62,70503.6,70474.31,70474.32,5.65778,739
2026-03-11 20:36:00,70474.31,70526.47,70474.31,70518.97,3.86936,1534
2026-03-11 20:37:00,70518.97,70518.97,70487.02,70487.02,5.7155,786
2026-03-11 20:38:00,70487.02,70487.02,70460.54,70460.54,2.83996,527
2026-03-11 20:39:00,70460.54,70502.28,70460.54,70502.27,1.87394,1119
2026-03-11 20:40:00,70502.28,70508.0,70502.28,70503.01,0.9362,415
2026-03-11 20:41:00,70503.01,70547.2,70503.01,70537.86,3.00833,1347
2026-03-11 20:42:00,70537.86,70566.2,70537.85,70560.03,1.79636,1127
2026-03-11 20:43:00,70560.02,70560.02,70521.1,70526.75,6.4545,1051
2026-03-11 20:44:00,70526.75,70547.7,70526.75,70547.7,1.96443,712
2026-03-11 20:45:00,70547.69,70559.65,70543.5,70543.51,5.4146,1131
2026-03-11 20:46:00,70543.5,70551.62,70520.96,70551.62,4.39425,1731
2026-03-11 20:47:00,70551.62,70557.88,70529.8,70529.8,5.92997,1193
2026-03-11 20:48:00,70529.8,70551.52,70529.8,70537.26,4.57663,996
2026-03-11 20:49:00,70537.26,70553.86,70537.25,70537.26,4.61045,942
2026-03-11 20:50:00,70537.25,70555.66,70536.53,70555.66,2.71988,1083
2026-03-11 20:51:00,70555.65,70555.66,70537.25,70537.25,4.21597,532
2026-03-11 20:52:00,70537.25,70537.26,70506.38,70506.39,3.02209,837
2026-03-11 20:53:00,70506.38,70523.83,70462.22,70523.83,16.45653,3319
2026-03-11 20:54:00,70523.83,70607.41,70518.41,70599.99,28.55408,3813
2026-03-11 20:55:00,70600.0,70600.0,70562.85,70562.86,8.52871,1865
2026-03-11 20:56:00,70562.85,70562.85,70555.15,70560.0,7.2794,905
2026-03-11 20:57:00,70560.0,70586.88,70548.0,70579.61,10.44229,2332
2026-03-11 20:58:00,70579.61,70700.0,70579.61,70685.25,25.57925,4099
2026-03-11 20:59:00,70685.26,70685.26,70612.99,70634.96,10.36397,2167
2026-03-11 21:00:00,70634.96,70776.71,70634.96,70700.59,31.51605,4850
2026-03-11 21:01:00,70700.59,70714.56,70678.07,70683.31,5.43534,1129
2026-03-11 21:02:00,70683.31,70683.32,70627.0,70627.01,5.63309,1818
2026-03-11 21:03:00,70627.0,70678.64,70613.06,70644.14,20.93174,2009
2026-03-11 21:04:00,70644.13,70752.97,70644.13,70738.5,14.55277,1939
2026-03-11 21:05:00,70738.5,70743.43,70712.0,70721.39,9.78841,2329
2026-03-11 21:06:00,70721.38,70727.37,70680.46,70680.47,10.77169,2035
2026-03-11 21:07:00,70680.47,70702.87,70680.46,70702.86,2.58,1075
2026-03-11 21:08:00,70702.87,70702.87,70702.86,70702.87,0.57537,287
2026-03-11 21:09:00,70702.87,70714.96,70702.86,70709.44,2.1677,625
2026-03-11 21:10:00,70709.43,70709.44,70664.36,70676.78,7.70977,1427
2026-03-11 21:11:00,70676.78,70676.78,70635.61,70635.61,4.70429,1205
2026-03-11 21:12:00,70635.61,70635.62,70594.68,70594.69,8.19318,1554
2026-03-11 21:13:00,70594.68,70594.68,70499.94,70518.47,30.52537,6273
2026-03-11 21:14:00,70518.47,70544.94,70518.46,70544.93,1.83137,1152
2026-03-11 21:15:00,70544.93,70544.93,70514.24,70537.26,4.38935,1391
2026-03-11 21:16:00,70537.25,70568.58,70537.25,70558.91,3.66778,1084
2026-03-11 21:17:00,70558.91,70585.98,70558.91,70580.01,9.61422,1186
2026-03-11 21:18:00,70580.01,70596.53,70570.43,70570.43,4.87577,897
2026-03-11 21:19:00,70570.43,70572.27,70515.01,70515.02,44.84248,1466
2026-03-11 21:20:00,70515.02,70556.82,70515.02,70556.82,6.60448,1701
2026-03-11 21:21:00,70556.82,70566.85,70539.04,70566.85,7.16988,1382
2026-03-11 21:22:00,70566.84,70586.73,70566.84,70572.13,4.48329,875
2026-03-11 21:23:00,70572.13,70572.14,70559.89,70559.89,0.98019,257
2026-03-11 21:24:00,70559.89,70591.96,70559.89,70591.96,3.28153,1054
2026-03-11 21:25:00,70591.95,70598.58,70590.53,70590.53,1.53462,398
2026-03-11 21:26:00,70590.53,70590.54,70554.45,70554.46,2.43823,897
2026-03-11 21:27:00,70554.46,70554.46,70533.49,70552.75,4.68465,939
2026-03-11 21:28:00,70552.74,70570.71,70552.74,70563.34,4.57899,550
2026-03-11 21:29:00,70563.35,70563.35,70543.62,70543.63,5.95893,854
2026-03-11 21:30:00,70543.62,70600.0,70543.62,70589.03,4.02615,1677
2026-03-11 21:31:00,70589.03,70659.61,70589.03,70652.58,7.95902,2342
2026-03-11 21:32:00,70652.58,70652.58,70622.79,70622.79,2.97945,731
2026-03-11 21:33:00,70622.79,70659.99,70622.79,70659.98,3.18507,845
2026-03-11 21:34:00,70659.98,70659.98,70629.61,70629.62,3.13593,685
2026-03-11 21:35:00,70629.62,70665.61,70629.61,70657.21,6.03969,1267
2026-03-11 21:36:00,70657.2,70657.21,70657.2,70657.2,0.84656,142
2026-03-11 21:37:00,70657.2,70675.6,70657.2,70667.53,3.1667,973
2026-03-11 21:38:00,70667.53,70675.59,70660.9,70675.58,2.52214,680
2026-03-11 21:39:00,70675.58,70675.59,70622.91,70623.0,39.56208,2210
2026-03-11 21:40:00,70623.0,70660.0,70597.62,70637.92,73.54501,2604
2026-03-11 21:41:00,70637.92,70673.94,70637.91,70673.93,12.93565,2331
2026-03-11 21:42:00,70673.94,70673.94,70652.5,70652.5,1.54422,414
2026-03-11 21:43:00,70652.5,70652.51,70640.7,70640.71,2.36676,346
2026-03-11 21:44:00,70640.7,70640.71,70541.61,70542.0,75.4553,4356
2026-03-11 21:45:00,70541.99,70582.15,70539.6,70582.15,1.71954,1452
2026-03-11 21:46:00,70582.15,70624.04,70582.14,70614.35,2.06179,1155
2026-03-11 21:47:00,70614.35,70641.99,70614.34,70641.99,1.68473,2147
2026-03-11 21:48:00,70641.98,70645.33,70641.98,70645.32,2.92112,316
2026-03-11 21:49:00,70645.33,70670.34,70643.5,70670.34,4.77827,1481
2026-03-11 21:50:00,70670.34,70700.0,70670.34,70677.81,12.98893,1712
2026-03-11 21:51:00,70677.81,70747.05,70677.8,70747.04,6.08935,1853
2026-03-11 21:52:00,70747.05,70747.06,70717.53,70729.27,8.16868,1323
2026-03-11 21:53:00,70729.28,70762.97,70729.27,70746.01,7.7082,3260
2026-03-11 21:54:00,70746.01,70749.48,70725.3,70749.47,2.97344,1410
2026-03-11 21:55:00,70749.48,70777.17,70715.86,70715.87,5.90103,2453
2026-03-11 21:56:00,70715.87,70715.87,70714.98,70714.98,1.65719,230
2026-03-11 21:57:00,70714.99,70738.05,70714.98,70738.05,1.80931,1223
2026-03-11 21:58:00,70738.05,70753.49,70708.53,70708.53,7.25546,3866
2026-03-11 21:59:00,70708.54,70755.2,70708.54,70741.26,3.41953,1634
2026-03-11 22:00:00,70741.27,70811.83,70668.81,70787.28,13.71254,5776
2026-03-11 22:01:00,70787.29,70787.29,70754.24,70771.66,3.94646,2057
2026-03-11 22:02:00,70771.65,70771.66,70737.18,70737.19,3.01514,1365
2026-03-11 22:03:00,70737.18,70737.19,70707.45,70707.81,4.15883,1076
2026-03-11 22:04:00,70707.81,70743.9,70696.26,70743.89,12.90315,3130
2026-03-11 22:05:00,70743.9,70743.9,70715.01,70716.76,5.35164,2046
2026-03-11 22:06:00,70716.76,70733.06,70698.17,70727.49,5.32317,2195
2026-03-11 22:07:00,70727.5,70733.26,70707.24,70707.24,5.69327,1465
2026-03-11 22:08:00,70707.24,70720.0,70707.24,70715.59,2.86188,746
2026-03-11 22:09:00,70715.59,70715.6,70680.0,70680.18,5.51031,1163
2026-03-11 22:10:00,70680.18,70688.79,70669.66,70688.78,3.59211,1260
2026-03-11 22:11:00,70688.78,70699.49,70659.96,70699.49,6.57077,2168
2026-03-11 22:12:00,70699.49,70862.06,70699.49,70855.6,11.70096,6530
2026-03-11 22:13:00,70855.59,70950.0,70827.78,70840.99,24.63905,7376
2026-03-11 22:14:00,70840.79,70840.79,70789.68,70809.03,5.48749,2637
2026-03-11 22:15:00,70809.03,70809.03,70757.1,70757.1,6.58756,1611
2026-03-11 22:16:00,70757.1,70777.17,70718.3,70756.03,12.14279,3424
2026-03-11 22:17:00,70756.03,70756.04,70741.86,70755.31,2.61873,700
2026-03-11 22:18:00,70755.32,70771.59,70751.52,70758.24,5.61592,1494
2026-03-11 22:19:00,70758.25,70759.33,70718.31,70759.32,22.9414,2797
2026-03-11 22:20:00,70759.32,70759.32,70652.95,70661.94,16.35078,2729
2026-03-11 22:21:00,70661.95,70673.94,70568.18,70618.86,16.88602,4584
2026-03-11 22:22:00,70618.87,70636.04,70618.87,70636.03,2.81708,988
2026-03-11 22:23:00,70636.03,70640.64,70607.03,70615.07,3.37919,2036
2026-03-11 22:24:00,70615.07,70615.08,70567.5,70567.5,4.81184,2008
2026-03-11 22:25:00,70567.5,70619.87,70567.5,70619.86,3.28662,1544
2026-03-11 22:26:00,70619.86,70634.63,70572.88,70608.77,14.74819,2529
2026-03-11 22:27:00,70608.78,70608.78,70582.25,70586.55,10.63087,2791
2026-03-11 22:28:00,70586.55,70586.56,70513.87,70540.53,22.13886,3835
2026-03-11 22:29:00,70540.53,70542.47,70470.08,70489.55,12.68449,3565
2026-03-11 22:30:00,70489.55,70526.85,70467.47,70467.47,22.37889,4766
2026-03-11 22:31:00,70467.48,70488.5,70450.0,70457.41,7.37368,2444
2026-03-11 22:32:00,70457.42,70484.08,70439.39,70453.39,13.03172,3432
2026-03-11 22:33:00,70453.38,70471.74,70433.06,70433.07,4.31948,1513
2026-03-11 22:34:00,70433.06,70465.81,70364.24,70379.15,28.36702,4411
2026-03-11 22:35:00,70379.15,70386.25,70328.52,70350.03,16.77178,3443
2026-03-11 22:36:00,70350.03,70364.25,70330.23,70330.24,7.05565,2239
2026-03-11 22:37:00,70330.23,70375.99,70289.57,70326.0,10.72096,5514
2026-03-11 22:38:00,70326.0,70338.0,70307.28,70307.83,8.75975,3043
2026-03-11 22:39:00,70307.82,70395.29,70303.32,70372.11,212.65795,5433
2026-03-11 22:40:00,70372.11,70372.12,70311.42,70352.61,23.75508,2496
2026-03-11 22:41:00,70352.62,70379.56,70338.24,70361.05,8.04113,3156
2026-03-11 22:42:00,70361.05,70368.46,70326.79,70326.79,10.63719,3179
2026-03-11 22:43:00,70326.79,70407.59,70326.79,70407.59,8.94333,2553
2026-03-11 22:44:00,70407.58,70422.1,70355.99,70355.99,120.12297,4003
2026-03-11 22:45:00,70356.0,70426.97,70355.99,70413.94,41.08983,3355
2026-03-11 22:46:00,70413.93,70413.93,70355.99,70374.41,2.92701,1542
2026-03-11 22:47:00,70374.42,70467.48,70374.41,70463.7,4.20686,2741
2026-03-11 22:48:00,70463.7,70495.4,70463.7,70487.87,2.07511,2433
2026-03-11 22:49:00,70487.86,70487.86,70350.99,70351.0,152.75816,4345
2026-03-11 22:50:00,70351.0,70459.06,70350.99,70436.25,20.75787,3815
2026-03-11 22:51:00,70436.24,70455.66,70424.44,70455.66,3.59068,1195
2026-03-11 22:52:00,70455.65,70455.66,70402.71,70405.73,28.08559,1320
2026-03-11 22:53:00,70405.73,70405.74,70384.81,70384.81,2.79419,1065
2026-03-11 22:54:00,70384.81,70384.82,70305.99,70311.73,18.92939,3888
2026-03-11 22:55:00,70311.74,70342.01,70293.82,70293.83,5.7996,2504
2026-03-11 22:56:00,70293.83,70293.83,70241.53,70292.86,20.27002,3909
2026-03-11 22:57:00,70292.86,70345.9,70272.98,70345.89,4.53436,2575
2026-03-11 22:58:00,70345.89,70345.9,70317.74,70345.9,2.06501,1714
2026-03-11 22:59:00,70345.89,70373.02,70339.75,70373.01,13.33775,1097
2026-03-11 23:00:00,70373.01,70464.75,70373.0,70445.6,78.34991,4639
2026-03-11 23:01:00,70445.6,70460.35,70427.9,70427.91,3.01078,2703
2026-03-11 23:02:00,70427.91,70484.04,70420.0,70474.12,6.30608,2204
2026-03-11 23:03:00,70474.11,70476.1,70456.81,70467.47,2.03692,1531
2026-03-11 23:04:00,70467.47,70488.0,70459.6,70459.61,2.27555,1261
2026-03-11 23:05:00,70459.6,70467.48,70441.15,70464.28,1.11728,1199
2026-03-11 23:06:00,70464.27,70488.56,70464.27,70487.91,1.21373,1102
2026-03-11 23:07:00,70487.91,70487.91,70466.35,70482.89,2.8766,1224
2026-03-11 23:08:00,70482.9,70488.72,70435.69,70435.69,1.70085,1645
2026-03-11 23:09:00,70435.68,70458.41,70394.0,70424.59,4.15834,3265
2026-03-11 23:10:00,70424.6,70482.66,70424.59,70474.14,3.60797,3779
2026-03-11 23:11:00,70474.14,70478.2,70444.87,70478.19,1.1347,1381
2026-03-11 23:12:00,70478.19,70505.0,70469.2,70489.05,2.67215,2428
2026-03-11 23:13:00,70489.05,70489.05,70469.3,70474.23,2.35125,889
2026-03-11 23:14:00,70474.24,70487.67,70458.88,70458.88,2.45264,1215
2026-03-11 23:15:00,70458.72,70458.72,70392.75,70400.27,4.16633,2690
2026-03-11 23:16:00,70400.28,70424.91,70400.27,70424.91,1.0985,785
2026-03-11 23:17:00,70424.9,70424.9,70364.24,70392.78,2.87597,2294
2026-03-11 23:18:00,70392.77,70409.95,70386.91,70409.95,1.05851,758
2026-03-11 23:19:00,70409.94,70409.95,70348.12,70348.12,15.57449,2022
2026-03-11 23:20:00,70348.13,70392.08,70348.13,70387.15,2.60986,1733
2026-03-11 23:21:00,70387.15,70387.16,70348.45,70373.5,4.0941,1993
2026-03-11 23:22:00,70373.49,70373.49,70317.34,70334.46,8.15829,2270
2026-03-11 23:23:00,70334.47,70376.0,70334.47,70376.0,1.59101,1858
2026-03-11 23:24:00,70375.99,70376.0,70353.84,70353.84,2.22623,926
2026-03-11 23:25:00,70353.32,70354.08,70330.0,70346.2,4.08789,1960
2026-03-11 23:26:00,70346.2,70346.2,70316.06,70330.44,3.70327,1673
2026-03-11 23:27:00,70330.44,70345.9,70328.56,70343.81,2.67642,1170
2026-03-11 23:28:00,70343.81,70389.44,70341.35,70368.03,14.04947,2226
2026-03-11 23:29:00,70368.04,70385.46,70363.62,70367.12,16.69434,1563
2026-03-11 23:30:00,70367.12,70367.12,70314.12,70317.77,6.72056,2637
2026-03-11 23:31:00,70317.76,70357.4,70304.23,70314.33,5.3779,2618
2026-03-11 23:32:00,70314.34,70314.34,70258.73,70288.45,7.57918,3374
2026-03-11 23:33:00,70288.45,70330.53,70280.9,70280.9,5.84429,2886
2026-03-11 23:34:00,70280.9,70296.8,70250.0,70253.89,14.19181,3392
2026-03-11 23:35:00,70253.89,70399.76,70234.03,70399.76,15.08293,4642
